{"cancellation_code": 0.985854, "late_aircraft_delay": 0.388261, "nas_delay": 0.388261, "weather_delay": 0.388261, "security_delay": 0.388261, "carrier_delay": 0.388261, "air_time": 0.016757, "arr_delay": 0.016757, "actual_elapsed_time": 0.016757, "wheels_on": 0.014379, "taxi_in": 0.014379, "arr_time": 0.014379, "wheels_off": 0.014056, "taxi_out": 0.014056, "dep_delay": 0.013605, "dep_time": 0.013553, "wind_exposure": 1e-06, "expected_speed": 0.0, "crs_elapsed_time": 0.0, "op_carrier_fl_num": 0.0}